{"version":1.0,"egoVehicle":{"DataID":0,"UNIQUEID":-1,"m_eobstacleObjType":0,"initPosition":{"initPositionMode":"Absolute","pos":{"x":16.922000885009767,"y":-5.429999828338623,"z":0.03400000184774399,"_x":"16.922","_y":"-5.430","_z":"0.034"},"rot":{"roll":"0.000","pitch":"0.612","yaw":"-0.767"},"initLink":"","initLinkRatio":0,"gear":2,"vehicleSaveData":{"velocity":0.0003493299300316721,"inputData":[0,0,0,0,0,1,2,0,0,0],"vehicle":{"time":9580.154296875,"lastVelocity":{"x":0.00009694858454167843,"y":2.086162567138672e-7,"z":-0.0000034432248412485935},"lastImpactTime":2660.9921875},"wheels":[{"L":-0.00002938785110018216,"Tr":0.0000012915680827063625,"contactDepth":0.017739448696374894,"lastTireForce":{"x":0.0001711574150249362,"y":-0.00003913698310498148}},{"L":-0.000029391732823569328,"Tr":8.755648650549119e-7,"contactDepth":0.017739418894052507,"lastTireForce":{"x":0.00017115681839641184,"y":-0.000026423789677210152}},{"L":-0.00002938780016847886,"Tr":0.0000012968060900675483,"contactDepth":0.014960512518882752,"lastTireForce":{"x":0.00015437300316989422,"y":-0.00003929715239792131}},{"L":-0.000029391783755272627,"Tr":8.698610258761619e-7,"contactDepth":0.014960594475269318,"lastTireForce":{"x":0.00015437202819157392,"y":-0.000026243607862852514}}],"engine":{"L":0.0,"Treaction":0.0,"rpmLimiterActive":false,"rpmLimiterTime":0.0,"tcsActivationTime":0.0},"gearbox":{"L":0.0,"manualGear":0,"manualRatio":0.0,"engaged":false,"lastEngagedTime":0.0,"lastAutoShiftTime":0.0,"vehicleMoving":false,"gearMode":0,"automaticGear":0,"automaticRatio":0.0,"transition":false,"transitionStartedTime":0.0,"fromGear":0,"toGear":0,"fromRatio":0.0,"toRatio":0.0,"transitionRatio":0.0},"lastVelocity":{"x":0.00009694858454167843,"y":2.086162567138672e-7,"z":-0.0000034432248412485935}}},"currentVelocity":0.0003493299300316721,"v2vUDPSessionInfo":{"isInit":false,"v2vConfig":{"hostIP":"0.0.0.0","Port":5641,"receiveTimeout":0,"BuffSize":8196,"surroundVehiclePubTime":100}},"beforeControlMode":0},"vehicleList":[{"DataID":30600011,"UNIQUEID":2,"m_eobstacleObjType":1,"initPosition":{"initPositionMode":"Absolute","pos":{"x":12.567999839782715,"y":-0.9980000257492065,"z":0.03400000184774399,"_x":"12.568","_y":"-0.998","_z":"0.034"},"rot":{"roll":"-359.889","pitch":"0.599","yaw":"-13.094"},"initLink":"4","initLinkRatio":0,"gear":4,"vehicleSaveData":{"velocity":1.9225573539733887,"inputData":[-8122,0,0,0,0,1,4,0,0,0],"vehicle":{"time":202.4064178466797,"lastVelocity":{"x":-0.544275164604187,"y":-0.00016961991786956787,"z":0.06076302379369736},"lastImpactTime":0.0},"wheels":[{"L":0.15546581149101258,"Tr":0.23605959117412568,"contactDepth":0.017519526183605195,"lastTireForce":{"x":-0.6955678462982178,"y":-7.153294563293457}},{"L":0.18339619040489198,"Tr":0.8680919408798218,"contactDepth":0.017878849059343339,"lastTireForce":{"x":-18.461837768554689,"y":-26.3057861328125}},{"L":0.14892172813415528,"Tr":0.1851968616247177,"contactDepth":0.014798883348703385,"lastTireForce":{"x":3.548461675643921,"y":-5.611998081207275}},{"L":0.17892883718013764,"Tr":0.8640186190605164,"contactDepth":0.015169564634561539,"lastTireForce":{"x":2.872589349746704,"y":-26.18235969543457}}],"engine":{"L":0.0,"Treaction":0.0,"rpmLimiterActive":false,"rpmLimiterTime":0.0,"tcsActivationTime":0.0},"gearbox":{"L":0.0,"manualGear":0,"manualRatio":0.0,"engaged":false,"lastEngagedTime":0.0,"lastAutoShiftTime":0.0,"vehicleMoving":false,"gearMode":0,"automaticGear":0,"automaticRatio":0.0,"transition":false,"transitionStartedTime":0.0,"fromGear":0,"toGear":0,"fromRatio":0.0,"toRatio":0.0,"transitionRatio":0.0},"lastVelocity":{"x":-0.544275164604187,"y":-0.00016961991786956787,"z":0.06076302379369736}}},"velocityType":1,"linkVelocity":100,"constantVelocity":60.0,"desiredVelocity":2.0,"currentVelocity":1.9225573539733887,"isCloseLoop":true,"isEgo":false,"spawnPointUniqueID":-1,"destinationUniqueID":1,"startPointLinkInfo":{"linkIdx":"4","pointIdx":5},"endPointLinkInfo":{"linkIdx":"","pointIdx":0},"currentLinkInfo":{"linkIdx":"4","pointIdx":2},"loopStartLinkInfo":{"linkIdx":"4","pointIdx":5},"v2vUDPSessionInfo":{"isInit":false,"v2vConfig":{"hostIP":"0.0.0.0","Port":5643,"receiveTimeout":0,"BuffSize":8196,"surroundVehiclePubTime":100}},"latBiasMode":1,"bias":0.0},{"DataID":30600011,"UNIQUEID":5,"m_eobstacleObjType":1,"initPosition":{"initPositionMode":"Absolute","pos":{"x":13.173999786376954,"y":0.9520000219345093,"z":0.03400000184774399,"_x":"13.174","_y":"0.952","_z":"0.034"},"rot":{"roll":"-359.905","pitch":"0.598","yaw":"159.089"},"initLink":"2","initLinkRatio":0,"gear":4,"vehicleSaveData":{"velocity":1.8856723308563233,"inputData":[-7818,0,0,0,0,1,4,0,0,0],"vehicle":{"time":193.5645294189453,"lastVelocity":{"x":0.519631564617157,"y":-0.00016945600509643555,"z":-0.13448555767536164},"lastImpactTime":0.0},"wheels":[{"L":0.15252891182899476,"Tr":0.2236396223306656,"contactDepth":0.017545808106660844,"lastTireForce":{"x":-1.3819841146469117,"y":-6.776941776275635}},{"L":0.17892877757549287,"Tr":0.8205583691596985,"contactDepth":0.017848804593086244,"lastTireForce":{"x":-17.68568229675293,"y":-24.86540412902832}},{"L":0.14666487276554109,"Tr":0.18456122279167176,"contactDepth":0.0148298479616642,"lastTireForce":{"x":2.8741350173950197,"y":-5.592764377593994}},{"L":0.17493881285190583,"Tr":0.8236841559410095,"contactDepth":0.015142403542995453,"lastTireForce":{"x":2.3528263568878176,"y":-24.960113525390626}}],"engine":{"L":0.0,"Treaction":0.0,"rpmLimiterActive":false,"rpmLimiterTime":0.0,"tcsActivationTime":0.0},"gearbox":{"L":0.0,"manualGear":0,"manualRatio":0.0,"engaged":false,"lastEngagedTime":0.0,"lastAutoShiftTime":0.0,"vehicleMoving":false,"gearMode":0,"automaticGear":0,"automaticRatio":0.0,"transition":false,"transitionStartedTime":0.0,"fromGear":0,"toGear":0,"fromRatio":0.0,"toRatio":0.0,"transitionRatio":0.0},"lastVelocity":{"x":0.519631564617157,"y":-0.00016945600509643555,"z":-0.13448555767536164}}},"velocityType":1,"linkVelocity":100,"constantVelocity":60.0,"desiredVelocity":2.0,"currentVelocity":1.8856723308563233,"isCloseLoop":true,"isEgo":false,"spawnPointUniqueID":-1,"destinationUniqueID":4,"startPointLinkInfo":{"linkIdx":"1","pointIdx":2},"endPointLinkInfo":{"linkIdx":"","pointIdx":0},"currentLinkInfo":{"linkIdx":"2","pointIdx":2},"loopStartLinkInfo":{"linkIdx":"1","pointIdx":2},"v2vUDPSessionInfo":{"isInit":false,"v2vConfig":{"hostIP":"0.0.0.0","Port":5646,"receiveTimeout":0,"BuffSize":8196,"surroundVehiclePubTime":100}},"latBiasMode":1,"bias":0.0}],"pedestrianList":[{"DataID":50100039,"UNIQUEID":9,"m_eobstacleObjType":2,"pos":{"x":-9.923999786376954,"y":-5.801000118255615,"z":0.0,"_x":"-9.924","_y":"-5.801","_z":"0.000"},"rot":{"roll":"0.000","pitch":"0.000","yaw":"76.224"},"activeDistance":2.0,"speed":2.549999952316284,"active":true,"loop":false,"initPos":{"x":9.923999786376954,"y":0.0,"z":5.801000118255615,"_x":"9.924","_y":"0.000","_z":"5.801"},"initRot":{"roll":"0.000","pitch":"195.000","yaw":"0.000"},"movingDistance":2.0,"movingDistanceAmount":0.0,"standardPos":{"x":9.664999961853028,"y":0.0,"z":4.835000038146973,"_x":"9.665","_y":"0.000","_z":"4.835"},"anim":{"m_FileID":-178234,"m_PathID":0},"stateNameHash":2081823275,"stateNormalizedTime":35.277278900146487,"pedestrianBehavior":1,"pedestrianType":0,"listObjIDForBehavior":[]}],"objectList":[{"DataID":40100001,"UNIQUEID":8,"m_eobstacleObjType":4,"pos":{"x":-10.251999855041504,"y":5.0269999504089359,"z":0.0010000000474974514,"_x":"-10.252","_y":"5.027","_z":"0.001"},"rot":{"roll":"0.000","pitch":"0.000","yaw":"-88.776"},"scale":{"x":1.0,"y":3.0,"z":1.5,"_x":"1.000","_y":"3.000","_z":"1.500"}},{"DataID":40100001,"UNIQUEID":7,"m_eobstacleObjType":4,"pos":{"x":-8.63700008392334,"y":5.489999771118164,"z":0.0010000000474974514,"_x":"-8.637","_y":"5.490","_z":"0.001"},"rot":{"roll":"0.000","pitch":"0.000","yaw":"-88.776"},"scale":{"x":1.0,"y":3.0,"z":1.5,"_x":"1.000","_y":"3.000","_z":"1.500"}}],"spawnPointList":[],"tlList":[{"index":0,"state":3,